,epoch,loss,accuracy,recall,precision,f1
0,0,0.6879974271891252,0.6711901306240929,[1. 0.],[0.67 0.  ],[0.8 0. ]
1,1,0.6867327285262773,0.6711901306240929,[1. 0.],[0.67 0.  ],[0.8 0. ]
2,2,0.6854678347425641,0.6711901306240929,[1. 0.],[0.67 0.  ],[0.8 0. ]
